course,title,description,unit,details
ACT SCI 300, — ACTUARIAL SCIENCE METHODS I,"
Develop a knowledge of fundamental mathematical tools for quantitatively assessing risk. Emphasize the applications of these tools to problems encountered in actuarial science. Enroll Info: None",1 credit.,(
ACCT I S 100, — INTRODUCTORY FINANCIAL ACCOUNTING,"
Examines generally accepted accounting principles for measurement and reporting of financial information in a balance sheet, income statement, and statement of cash flows; introduction to analysis and interpretation of financial accounting data for decision-making purposes. Enroll Info: None",3 credits.,Sophomore standing or member of Business Exchange program. Not open to students with credit for 
A F AERO 101, — THE FOUNDATIONS OF THE UNITED STATES AIR FORCE I,"
Introduces students to the Air Force Reserve Officer Training Corps. Featured topics include: mission and organization of the Air Force, officership and professionalism, military customs and courtesies, Air Force officer opportunities, and an introduction to communication skills. Leadership lab activities. Open to all students. Enroll Info: None",1 credit.,None
AGRONOMY 1, — COOPERATIVE EDUCATION/CO-OP IN AGRONOMY,"
Full-time off-campus work experience which combines classroom theory with practical knowledge of operations to provide students with a background upon which to base a professional career. Enroll Info: Students receive credit only for the term in which they are actively enrolled and working. The same work experience may not count towards credit in ",1 credit.,Consent of instructor
AGROECOL/​AGRONOMY/​C&E SOC/​ENTOM/​ENVIR ST  103, — AGROECOLOGY: AN INTRODUCTION TO THE ECOLOGY OF FOOD AND AGRICULTURE,"
Agroecology has blossomed across the world in recent decades as not only a science, but also a practice, and a movement. Employ the multiple disciplines and perspectives that Agroecology affords to analyze our agricultural and food systems wihin a broader context of dynamic social and ecological relationships. Enroll Info: None",3 credits.,None
ANATOMY 329, — HUMAN ANATOMY-KINESIOLOGY,"
Enroll Info: None",2 credits.,None
AMER IND 100, ,"
Focus is history, social organization, political experience, artistic expression of North American Indians, using methods and materials from a number of disciplines as an introduction to the interdisciplinary field. Enroll Info: None",3 credits.,None
ANESTHES 699, — INDEPENDENT STUDY,"
Enroll Info: None",0-9 credits.,Consent of instructor
A A E 1, — COOPERATIVE EDUCATION/CO-OP IN AGRICULTURAL & APPLIED ECONOMICS,"
Full-time off-campus work experience which combines classroom theory with practical knowledge of operations to provide students with a background upon which to base a professional career. Students receive credit only for the term in which they are actively enrolled and working. Enroll Info: The same work experience may not count towards credit in ",1 credit.,Consent of instructor
AFROAMER/​AMER IND/​ASIAN AM/​CHICLA/​FOLKLORE  102, ,"
Introduction to comparative ethnic studies, examining race, ethnicity, and indigeneity within the United States. Includes perspectives from African American, American Indian, Asian American, and Chican@ and Latin@ studies. Enroll Info: None",3 credits.,None
ANAT&PHY 335, — PHYSIOLOGY,"
Comprehensive coverage of human physiology from cellular to organ-system level. Topics include homeostasis, membrane transport, cellular neurophysiology, regulation of metabolism, and functions of the nervous, endocrine, muscular, cardiovascular, respiratory, renal, and gastrointestinal systems. Enroll Info: Not open to students with credit for PHYSIOL 335 prior to fall 2018.",5 credits.,"Sophomore standing, ("
AFRICAN 100, — INTRODUCTION TO AFRICAN CULTURAL EXPRESSION,"
An introduction to current research in African cultural studies, ranging from various literary genres and uses of discourse; to diverse media including screen media, music, cartoons, and journalism; and to other forms of popular expression like soccer and drama. Through an introduction to these forms, students will also gain an overview of the diverse methods used by scholars in this field, such as textual analysis, film criticism, ethnomusicology, discourse analysis, and ethnography; and to the cultural diversity of Africa and its diasporic cultures. Enroll Info: None",3 credits.,None
ART ED/​CURRIC  322, — INFORMATION DESIGN FOR VISUAL LEARNING,"
Building a foundation in art, design, and visual culture, students will develop information design skills enabling them to create visual presentation tools using a wide variety of digital software and hardware as well as traditional media for instruction and learning. Enroll Info: None",3 credits.,None
AN SCI 1, — COOPERATIVE EDUCATION/CO-OP IN ANIMAL SCIENCES,"
Full-time off-campus work experience which combines classroom theory with practical knowledge of operations to provide students with a background upon which to base a professional career. Students receive credit only for the term in which they are actively enrolled and working. The same work experience may not count towards credit in ",1 credit.,None
ANTHRO 100, — GENERAL ANTHROPOLOGY,"
General understanding of humans in relation to cultures, evolutionary development and racial diversity, capacities for society, and the development of the world's major cultures. Enroll Info: Open to Fr. Not open to stdts with a prior coll anthro crse",3 credits.,None
ASIAN AM 101, ,"
Introduction to the historical, sociological, anthropological, political, and cultural study of Americans of Asian ancestry. Enroll Info: None",3 credits.,None
ASIAN 100, — GATEWAY TO ASIA: SPECIAL TOPICS,"
Offers a comparative and interdisciplinary introduction to multiple cultures of Asia. Possible topics include but are not limited to: travelogues; the languages of Asia; food cultures of Asia. Enroll Info: None",3-4 credits.,None
,,,,
ART 100, — INTRODUCTION TO ART,"
Explores elements of visual language through lecture and art studio work, focusing on the development and application of both critical thinking and hands-on creative skills. Enroll Info: None",3 credits.,"Freshman or sophomore standing or declared in Certificate in Studio Art. Not open to students declared in BS-Art, BFA-Art, or BS-Art Ed"
ART HIST 101," — THE STUDY OF ART, PRESENT AND PAST","
A critical introduction to the materials, techniques, and interpretation of art. Discussions of the art of various times and cultures, including contemporary America. Enroll Info: None",4 credits.,None
BIOCHEM 1, — COOPERATIVE EDUCATION/CO-OP IN BIOCHEMISTRY,"
Full-time off-campus work experience which combines classroom theory with practical knowledge of operations to provide students with a background upon which to base a professional career. Students receive credit only for the term in which they are actively enrolled and working. The same work experience may not count towards credit in Biochemistry 399. Enroll Info: So st, and consent of supervising instructor and academic advisor.",1 credit.,None
B M E 1, — COOPERATIVE EDUCATION PROGRAM,"
Work experience which combines classroom theory with practical knowledge of operations to provide students with a background upon which to base a professional career in industry. Enroll Info: Sophomore standing",1 credit.,Consent of instructor
BMOLCHEM 314, — INTRODUCTION TO HUMAN BIOCHEMISTRY,"
Lectures and conferences on introductory aspects of biological chemistry with an emphasis on providing a broad overview of both basic and clinical aspects of human biochemistry for health professionals. Enroll Info: ",3 credits.,None
ATM OCN 100, — WEATHER AND CLIMATE,"
Nature and variability of wind, temperature, cloud and precipitation. Storm systems, fronts, thunderstorms, tornadoes and their prediction. Air composition and pollution. Global winds, seasonal changes, climate and climatic change. Enroll Info: Open to Fr. Stdts may not receive cr for both ",3 credits.,None
ASTRON 103," — THE EVOLVING UNIVERSE: STARS, GALAXIES, AND COSMOLOGY","
The universe is vast and ever-changing. Includes lifecycles of stars; supernovae and creation of elements; white dwarfs, pulsars and black holes; the Milky Way and galaxies; distances of stars and galaxies; quasars; expansion of universe; open and closed universes; the big bang. Enroll Info: Completion of QR-A. Open to all Undergrads. Stdts may not receive cr for both Astron 100  103. Not open to stdts who meet prereq for ",3 credits.,Satisfied Quantitative Reasoning (QR) A requirement
BOTANY 100, — SURVEY OF BOTANY,"
Major emphasis on the roles of plants and microbes in past and present global ecology, and the past and presnet uses of plants and microbes by humans, including emerging applications of biotechnology. Lectures and short lab/discussions. Enroll Info: None",3 credits.,None
CRB 610, — FUNDAMENTALS OF MAMMALIAN EMBRYOLOGY,"
To provide graduate and advanced undergraduate students with a thorough grounding in the conceptual basis of mammalian development using the mouse (and sometimes other species) as a model system. Enroll Info: Undergraduates: 9 credit hours of introductory courses to Biological Sciences and consent of instructor; Junior Standing.  Graduate Students: Matriculation in any Master's/Doctoral Program in Biology or Bioengineering, or consent of instructor",2 credits.,None
B M I/​POP HLTH  451, — INTRODUCTION TO SAS PROGRAMMING FOR POPULATION HEALTH,"
Use of the SAS programming language for the management and analysis of biomedical data. Enroll Info: Pop Hlth grad student or consent of instructor",2 credits.,None
CHICLA/​AFROAMER/​AMER IND/​ASIAN AM/​FOLKLORE  102, ,"
Introduction to comparative ethnic studies, examining race, ethnicity, and indigeneity within the United States. Includes perspectives from African American, American Indian, Asian American, and Chican@ and Latin@ studies. Enroll Info: None",3 credits.,None
CSCS 125, — COMMUNITY AND SOCIAL CHANGE,"
This course examines contemporary issues with an emphasis on the role that individuals and communities play in achieving positive social change. Through active learning, students will develop the mindsets and communication skills necessary to work in diverse community contexts. Specific themes may shift based on current events, but often include education reform, racial justice, health equity, alternative economies, food systems, and sustainability. Enroll Info: None",3 credits.,None
CHEM 101, — GENERAL CHEMISTRY I LABORATORY,"
Chemistry 101 is the laboratory only part of ""Chemistry 103: General Chemistry I"". ",1 credit.,Consent of instructor
CIV ENGR 1, — COOPERATIVE EDUCATION PROGRAM,"
Work experience which combines classroom theory with practical knowledge of operations to provide students with a background upon which to base a professional career. Enroll Info: So st",1 credit.,None
CLASSICS 100, — LEGACY OF GREECE AND ROME IN MODERN CULTURE,"
Explores the legacy of ancient Greek and Roman Civilization in modern culture. Challenges students to appreciate the roots of western civilization and to understand and interpret reflections of antiquity in today's society. Enroll Info: None",3 credits.,None
CNP 306," — TRANSITIONS: PRACTICE, PROFESSIONAL AND PERSONAL","
This course is designed to advance students' knowledge of nursing as it is embedded in clinical practice, address current and emerging health care trends, and examine healthcare workforce data and health care policy as it impacts opportunities for and impediments to nursing practice. Enroll Info: Admission to the BSN@Home Program or consent of instructor",3 credits.,None
CS&D 110, — INTRODUCTION TO COMMUNICATIVE DISORDERS,"
A survey of the scientific basis of normal and disordered communication; covers speech, hearing, and language. Enroll Info: None",3 credits.,None
C&E SOC 1, — COOPERATIVE EDUCATION/CO-OP IN COMMUNITY AND ENVIRONMENTAL SOCIOLOGY,"
Full-time off-campus work experience which combines classroom theory with practical knowledge of operations to provide students with a background upon which to base a professional career. Students receive credit only for the term in which they are actively enrolled and working. The same work experience may not count towards credit in ",1 credit.,None
COMP BIO 500, — FUNDAMENTAL PRINCIPLES OF VETERINARY ANATOMY,"
A detailed consideration of gross anatomical structure with emphasis on major anatomical patterns present in species important to veterinary medicine. The dog is used as a model domestic mammal and comparisons with other species are considered. All body systems are dissected. Clinical implications of these dissections are emphasized. Enroll Info: None",5 credits.,Declared in Veterinary Medicine program
COM ARTS 100, ,"
Teaches students to give effective oral presentations in a variety of public speaking situations and to become better consumers of written and oral discourse. Students will also learn basic composition and outlining skills as well as library research techniques. Enroll Info: None",3 credits.,Students who are required to take the MSN ESLAT cannot enroll unless they have satisfied the 
COMP LIT 201, — INTRODUCTION TO PRE-MODERN LITERATURES/IMPACT ON THE MODERN WORLD,"
Critical study of pre-modern literatures from the ancient worlds to the Middle Ages; broad survey covering many national literatures, stressing cross-cultural literary relations and their impact on the modern world. Enroll Info: Open to Fr; not open to stdts who have taken Comp Lit 287",3 credits.,None
CNSR SCI 111, — FINANCIAL LIFE SKILLS FOR UNDERGRADUATES,"
Applied personal finance course to provide undergraduates in their first two years of college (freshman and sophomores) the knowledge and tools needed to successfully manage personal finances during their college years. Topics include financial values and behaviors, credit and student loans, housing, transportation, financial services, and spending and saving plans. Enroll Info: Freshman or Sophomore standing only",1 credit.,Freshman or sophomore standing only
BIOLOGY/​ZOOLOGY  101, — ANIMAL BIOLOGY,"
General biological principles. Topics include: evolution, ecology, animal behavior, cell structure and function, genetics and molecular genetics and the physiology of a variety of organ systems emphasizing function in humans. Enroll Info: Not recommended for students with credit already in ",3 credits.,None
COMP SCI 200, ,"
Learn the process of incrementally developing small (200-500 lines) programs along with the fundamental Computer Science topics. These topics include: problem abstraction and decomposition, the edit-compile-run cycle, using variables of primitive and more complex data types, conditional and loop-based flow control, basic testing and debugging techniques, how to define and call functions (methods), and IO processing techniques. Also teaches and reinforces good programming practices including the use of a consistent style, and meaningful documentation. Intended for students who have no prior programming experience. Enroll Info: None",3 credits.,Satisfied Quantitative Reasoning (QR) A requirement
COUN PSY 105, — HUMAN RESOURCES DEVELOP: AWARENESS PROCESSES-CNSL&GUID PERSPECTIVE,"
Didactic and experiential learning and exploration to provide basic understanding of inter- and intrapersonal relations. Topics include values clarification, information acquisition, skill acquisition, human relations, self-understanding, self-development, and self-evaluation. May be repeated. See Timetable for section emphasis. Enroll Info: None",1 credit.,None
BSE 1, — COOPERATIVE EDUCATION PROGRAM,"
Work experience which combines classroom theory with practical knowledge of operations to provide students with a background upon which to base a professional career. Enroll Info: So st",1 credit.,Consent of instructor
DY SCI 1, — COOPERATIVE EDUCATION/CO-OP IN DIARY SCIENCE,"
Full-time off-campus work experience which combines classroom theory with practical knowledge of operations to provide students with a background upon which to base a professional career. Students receive credit only for the term in which they are actively enrolled and working. The same work experience may not count towards credit in Diary Sci 399. Enroll Info: So st, and consent of supervising instructor and academic advisor.",1 credit.,None
CBE 1, — COOPERATIVE EDUCATION PROGRAM,"
Work experience which combines classroom theory with practical knowledge of operations to provide students with a background upon which to base a professional career. Enroll Info: So st",1 credit.,None
DS 101, — INTRODUCTION TO TEXTILE DESIGN,"
This survey class will be an introduction to the technical and conceptual ways of working in Textile Design. Students will participate in three five week modules: one module introducing print and dye concerns, one module introducing off-loom processes, and one module introducing structural enrichment techniques and concepts. Each module will include a series of introductory exercises leading to a final larger project. The work in each module will be supported by short readings and slide lectures highlighting historical and contemporary work. Course fee: yes. Enroll Info: None",3 credits.,None
E A STDS/​HISTORY  103, — INTRODUCTION TO EAST ASIAN HISTORY: CHINA,"
Survey of major developments in Chinese history from 1500 B.C. to the founding of the Communist state in 1949. Emphasis on patterns and themes; equal time devoted to the classical and traditional period and the modern era. Enroll Info: None",3-4 credits.,None
CURRIC 209, — DIGITAL MEDIA AND LITERACY,"
This course is about digital media in all of its forms - from Wikipedia to YouTube mashups to mobile apps - and how these new ways of doing and making are related to learning. Over the course of semester we will explore theories of knowing and learning as they relate to digital media. Enroll Info: None",3 credits.,None
ED PSYCH 215, ,"
Introduces how concepts and tools of statistical thinking and analysis are coordinated with activities designed to develop statistical literacy and decision-making skills in real-world problem contexts. The course assumes no prior statistics knowledge. Enroll Info: None",3 credits.,Satisfied Quantitative Reasoning (QR) A requirement
ELPA/​COUN PSY  350, — PEER LEADERSHIP AND MENTORSHIP WITH TRANSITIONING STUDENTS,"
Examines student development in the first college year and strategies upper class students can utilize to be effective leaders and mentors of new students. Course textbook provides foundation for discussion, writing, and experimental assignments. Enroll Info: Open to sophomores and above",1 credit.,None
ECON 100, — ECONOMIC APPROACH TO CURRENT ISSUES,"
Emphasizes current economic issues and illustrates how the economist's perspective helps understand them. Academic readings and popular books such as Freakonomics will be used to indicate the breadth and scope of questions that can be analyzed from an economic perspective. Enroll Info: None",3-4 credits., or placement into 
ED POL/​HISTORY  107, — THE HISTORY OF THE UNIVERSITY IN THE WEST,"
The history of the university in the Western world from its beginnings in the 10th century to the present. Concentrates on universities, students, and professors in Italy, France, England, Germany, and the United States. Enroll Info: None",3-4 credits.,None
E ASIAN 101, — FIRST SEMESTER CHINESE,"
Introduces the basic grammar along with 900 Chinese characters of standard spoken Chinese. Eight hours weekly, three of which are lectures and five in small groups for oral practice. Within the year, students will have acquired elementary reading skill and the ability to communicate with native Chinese. Enroll Info: None",6 credits.,None
EMER MED 699, — INDEPENDENT STUDY,"
This directed study in emergency medicine will offer students majoring in related fields an opportunity to participate in basic emergency medicine research. This course will assist in the preparation for graduate or medical school coursework. Enroll Info: None",1-3 credits.,Consent of instructor
E P 271, — ENGINEERING PROBLEM SOLVING I,"
Solution of engineering problems using commercially-available software tools (spreadsheets, symbolic manipulators, and equation solvers). The emphasis will be on nuclear engineering problems, including radioactive decay, nuclear cross sections, scattering, and criticality. Enroll Info: ",3 credits.,None
E C E 1, — COOPERATIVE EDUCATION PROGRAM,"
Work experience which combines classroom theory with practical knowledge of operations to provide students with a background upon which to base a professional career. Enroll Info: So st",1 credit.,None
E M A 1, — COOPERATIVE EDUCATION PROGRAM,"
Work experience which combines classroom theory with practical knowledge of operations to provide students with a background upon which to base a professional career in industry. Enroll Info: So st",1 credit.,None
E P D 151, — TECHNICAL INFORMATION RESOURCES,"
Development of information retrieval skills and effective search strategies, focusing on technical information resources appropriate for engineers and scientists. Selection and use of electronic bibliographic databases, indexes and abstracts, patents and government information, library catalogs, and computer networks will be integral to individual and team projects. Enroll Info: None",1 credit.,None
ESL 110, — INTENSIVE ENGLISH AS A SECOND LANGUAGE,"
Listening, speaking, reading, and writing skills for nonnative speakers of English; academically oriented. Enroll Info: Not open to auditors",4-6 credits.,Consent of instructor
ENTOM 1, — COOPERATIVE EDUCATION/CO-OP IN ENTOMOLOGY,"
Full-time off-campus work experience which combines classroom theory with practical knowledge of operations to provide students with a background upon which to base a professional career. Students receive credit only for the term in which they are actively enrolled and working. The same work experience may not count towards credit in ",1 credit.,None
FAM MED 699, — DIRECTED STUDY,"
Directed study projects as arranged with faculty member. Enroll Info: None",1-12 credits.,Consent of instructor
ENGL 100, ,"
Focuses on development of rhetorical reading, listening, and writing abilities; provides practice in written and spoken communication (emphasis on writing); develops information literacy; provides a foundation for a variety of college course work and post-college careers. Enroll Info: None",3 credits.,Freshman or sophomore standing only. Students required to take the MSN ESLAT cannot enroll until the 
BIOCORE 381, ,"
Basic principles of ecology and interrelations between individuals, populations, communities, ecosystems and their environment; transmission genetics and introduction to population genetics; origin of life, evolutionary mechanisms, ancestral relationships among species, and the diversity of life.. Enroll Info: ",3 credits.,Declared in Biology Core Curriculum program
FISC 20, — INTRODUCTION TO PLANT SCIENCE,"
Students will learn about growing crops and plants, the basics of plant growth, how plants have diversified based on environmental locations, classifications of plants, and general plant nutrition. Enroll Info: None",2 credits.,Declared in the Farm & Industry Short Course program
ENVIR ST/​SOIL SCI  101, — FORUM ON THE ENVIRONMENT,"
Lectures and discussions about environmental issues. Historical and contemporary environmental impacts of humans on the biosphere. Global futures: population, technology, societal values, resources and prospects for sustainable management. Enroll Info: None",1-2 credits.,None
FOLKLORE 100, ,"
Surveys folklore in the United States and around the world, with a comparative emphasis on ways in which individuals and groups use beliefs, songs, stories, sayings, dances, festivals, and artifacts to address issues of identity, authenticity, and authority, in complex societies. Enroll Info: None",3 credits.,None
FINANCE/​ECON  300, — INTRODUCTION TO FINANCE,"
Concepts and techniques in corporate finance and investments. Topics include the financial environment, securities markets, financial markets, financial statements and analysis, working capital management, capital budgeting, cost of capital, dividend policy, asset valuation, investments, decision making under uncertainty, mergers, options, and futures. Enroll Info: None",3 credits.,(
F&W ECOL 1, — COOPERATIVE EDUCATION/CO-OP IN FOREST & WILDLIFE ECOLOGY,"
Full-time off-campus work experience which combines classroom theory with practical knowledge of operations to provide students with a background upon which to base a professional career. Students receive credit only for the term in which they are actively enrolled and working. The same work experience may not count towards credit in ",1 credit.,None
FOOD SCI 1, — COOPERATIVE EDUCATION/CO-OP IN FOOD SCIENCE,"
Full-time off-campus work experience which combines classroom theory with practical knowledge of operations to provide students with a background upon which to base a professional career. Students receive credit only for the term in which they are actively enrolled and working. The same work experience may not count towards credit in ",1 credit.,None
GEN&WS 100, — OPEN HOUSE GENDER LEARNING COMMUNITY SEMINAR,"
This seminar is for residents of Open House Gender Learning Community. It addresses various topics of interest to this community. Enroll Info: Resident of Open House Gender Learning Community",1 credit.,None
GEN BUS 100, — INTRODUCTION TO BUSINESS,"
Introduction to the basic concepts, practices and analytical methods that are part of the market enterprise system. Overview of the basic functions: management, accounting, finance, operations, and marketing conducted within a social and ethical framework. Enroll Info: None",3 credits.,Consent of instructor
G L E 1, — COOPERATIVE EDUCATION PROGRAM,"
Work experience which combines classroom theory with practical knowledge of operations to provide students with a background upon which to base a professional career in industry. Enroll Info: So st",1 credit.,None
GENETICS 1, — COOPERATIVE EDUCATION/CO-OP IN GENETICS,"
Full-time off-campus work experience which combines classroom theory with practical knowledge of operations to provide students with a background upon which to base a professional career. Students receive credit only for the term in which they are actively enrolled and working. The same work experience may not count towards credit in ",1 credit.,None
GNS/​HISTORY  265, — AN INTRODUCTION TO CENTRAL ASIA: FROM THE SILK ROUTE TO AFGHANISTAN,"
Examination of human geography, ethnicity, nomadism and pastoralism, oases cultures, religion and international politics of the silk routes of central Asia. Enroll Info: Not open to students with credit for HIST 265 prior to Fall 2018.",3 credits.,None
DANCE 1, — WORKSHOP IN DANCE ACTIVITY,"
Enroll Info: Requisite varies by topic",1-2 credits.,None
GEOSCI 100, — INTRODUCTORY GEOLOGY: HOW THE EARTH WORKS,"
Geologic processes; structure and history of the earth; earthquakes, volcanos, glaciers, groundwater, minerals, rocks, deserts, fossils; topographic and geologic maps; climate change on geologic and human time scales. Enroll Info: None",3 credits.,"Not open to students with credit for GEOSCI 101, "
GREEK 103, — FIRST SEMESTER GREEK,"
Enroll Info: Not open to students who have had ",4 credits.,None
HEBR-BIB 103," — ELEMENTARY BIBLICAL HEBREW, I","
Introduction to the language of the Hebrew Bible (first semester of Biblical Hebrew). Serves as basis for later forms of Classical Hebrew. Enroll Info: None",4 credits.,None
GERMAN 101, — FIRST SEMESTER GERMAN,"
For beginners; emphasis on proficiency in German through speaking, listening, reading, and writing, and on communication in cultural context. Five class hours per week. Enroll Info: None",4 credits.,None
GEOG 101, ,"
Human geographers explore socio-spacial relations, processes and representations of the world in which we live. This course engages economic, political, urban, socio-cultural and environmental geographic perspectives to investigate patterns and processes that have come to be associated with 'globalization'. Enroll Info: None",4 credits.,None
HEBR-MOD 101, — FIRST SEMESTER HEBREW,"
For students with little or no previous knowledge of Hebrew. Basic communication skills; speaking, reading, writing modern Hebrew; elements of grammar and syntax. Enroll Info: None",4 credits.,None
H ONCOL/​MED PHYS  410, — RADIOBIOLOGY,"
Effects of ionizing radiations of living cells and organisms, including physical, chemical, and physiological bases of radiation cytotoxicity, mutagenicity, and carcinogenesis; lecture and lab. Enroll Info: None",2-3 credits.,Graduate/professional standing or (
HIST SCI/​ENVIR ST/​HISTORY  125, — GREEN SCREEN: ENVIRONMENTAL PERSPECTIVES THROUGH FILM,"
From Teddy Roosevelt's 1909 African safari to the Hollywood blockbuster King Kong, from the world of Walt Disney to The March of the Penguins, cinema has been a powerful force in shaping public and scientific understanding of nature throughout the twentieth and twenty-first century. How can film shed light on changing environmental ideas and beliefs in American thought, politics, and culture? And how can we come to see and appreciate contested issues of race, class, and gender in nature on screen? This course will explore such questions as we come to understand the role of film in helping to define the contours of past, present, and future environmental visions in the United States, and their impact on the real world struggles of people and wildlife throughout the world. Enroll Info: None",3 credits.,None
HORT 1, — COOPERATIVE EDUCATION/CO-OP IN HORTICULTURE,"
Full-time off-campus work experience which combines classroom theory with practical knowledge of operations to provide students with a background upon which to base a professional career. Enroll Info: Students receive credit only for the term in which they are actively enrolled and working. The same work experience may not count towards credit in ",1 credit.,Consent of instructor
HDFS 253, — HUMAN DEVELOPMENT & FAMILY STUDIES LEADERSHIP SYMPOSIUM,"
Provides detailed examination of careers in Human Ecology and the fields of human development and family studies (HDFS). High level leaders working in a variety of professions related to the HDFS major will present as guest speakers (e.g., counseling, school psychology, family life education, early childhood education, child life, social work, health care, occupational therapy). Enroll Info: None",1 credit.,None
INFO SYS 365, — CONTEMPORARY TOPICS,"
Exploration of subject areas possibly to be introduced into the business curriculum. Enroll Info: None",1-3 credits.,Sophomore standing or member of Business Exchange program
I SY E 1, — COOPERATIVE EDUCATION PROGRAM,"
Work experience which combines classroom theory with practical knowledge of operations to provide students with a background upon which to base a professional career in industry. Enroll Info: So st",1 credit.,None
INTEGSCI 100, — EXPLORING BIOLOGY,"
A first-year course focused on the core concepts in biology (evolution; transformation of energy and matter; information exchange and storage; structure and function; systems biology), professions in biology, and the foundational skills and knowledge needed for successful academic and post-graduate careers in biology. Enroll Info: None",2 credits.,First year students only
INTER-AG 2, — INTERNATIONAL INTERNSHIP IN SCIENCES,"
For students undertaking internships in international locations; focus on pre-internship preparation and post internship activities; internships prepare students for graduate school or careers in applied science. Enroll Info: None",1 credit.,Consent of instructor
INTEREGR 101, — CONTEMPORARY ISSUES IN THE ENGINEERING PROFESSION,"
A survey of the engineering profession's contemporary role in society. Emphasis on the engineer's responsibility to society, including concerns for business principles, safety, ethics, and the environment; the role of engineers in achieving economic stability, growth, and improving the human condition. Enroll Info: Open to Fr  So only",2 credits.,None
INTEGART 110, — THE STUDIO SEMINAR: MAPPING YOUR CREATIVE PRACTICE,"
Residents of The Studio: Creative Arts Community engage in an interdisciplinary hands-on approach to the creative arts and gain familiarity with the wide variety of arts disciplines on campus. Enroll Info: None",1 credit.,Member of The Studio: Creative Arts Community
ILS/​ENVIR ST  126, — PRINCIPLES OF ENVIRONMENTAL SCIENCE,"
This course relates principles of environmental science to our daily activities, with an eye to sustainability, conservation, and systems thinking. It introduces science as a process of inquiry and discovery rather than just a pre-established set of facts. Topics relate to energy, water, and land use, and include food, electric power, materials, buildings, transportation, and waste. Enroll Info: None",4 credits.,None
INTER-LS 101, — FIRST-YEAR SEMINAR IN THE BIOLOGICAL SCIENCES,"
Interdisciplinary course for first-year students. Topic will vary with instructor and will be announced in the Timetable. Enrollment limited. Enroll Info: None",3 credits.,None
INTER-HE 201," — BELONGING, PURPOSE AND THE ECOLOGY OF HUMAN HAPPINESS: ECOYOU","
This course explores the art and science of purposeful living by integrating academic knowledge with issues real and relevant to students' lives including: identity and belonging; happiness, purpose and meaning; self-awareness and self-presentation; romantic, peer and family relationships; material culture, consumer behavior and financial well-being; and connections to community, culture, and society. From the microbes that inhabit our guts to political revolutions sparked by a tweet, human lives are embedded in an ecology of complex, interdependent systems. Using the lens of Human Ecology, you will address ""big questions"" like: How am I connected to others and to larger systems? What brings happiness and works for the ""greater good"" in human lives? An overarching goal of the course is to help you understand yourself as embedded in the web of ever-evolving interconnected networks, an ""EcoYou."" Human Ecology is a systems approach to studying and understanding relationships between humans and their everyday environments; it is a civic and socially conscious orientation that is committed to understanding and improving the quality of human lives. Human Ecology is inherently interdisciplinary drawing on research, theories and methods from diverse fields such as sociology, psychology, anthropology, economics, public health, biology, and art and design. Enroll Info: None",3 credits.,None
INTL BUS 200, — INTERNATIONAL BUSINESS,"
A survey of the interrelationships of world business operations; an introduction to current conceptual perspectives; cultural, educational, political and economic constraints, the international financial and trade frameworks, and the problems and challenges facing the multinational corporation. Enroll Info: None",3 credits.,Sophomore standing and (
INTL ST 101, — INTRODUCTION TO INTERNATIONAL STUDIES,"
Familiarizes students with the field of international studies, and performs an interdisciplinary examination of the cultural, political, economic, and social patterns that have defined the modern world. Enroll Info: None",3-4 credits.,None
ITALIAN 100, — ITALIAN LANGUAGE ABROAD I,"
First semester Italian language course taken on a study abroad program for which there is no equivalent on this campus. Enroll Info: Stdts may not receive cr for both ",1-4 credits.,None
STDYABRD 100, — TOPICS IN BIOLOGICAL SCIENCE,"
Biological science course taken on UW-Madison resident study abroad program for which there is no departmental equivalent. Enroll Info: Current enrollment in a UW-Madison study abroad program",1-6 credits.,None
JOURN 162, ,"
An introduction to the roles and functions of print, film, electronic and digital media in multicultural America.  International comparisons highlight differences and commonalities in the social and cultural position of mass media in societies with racially and ethnically diverse populations. Enroll Info: None",3 credits.,None
HISTORY 101," — AMER HIST TO THE CIVIL WAR ERA, THE ORIGIN & GROWTH OF THE U S","
American political, economic, and social development from the founding of the colonies to the Civil War. Enroll Info: None",4 credits.,None
KINES 100," — EXERCISE, NUTRITION, AND HEALTH","
Guidelines and assessment methods for fitness and nutrition. Motivation, adherence and stress-reduction techniques discussed. Lecture-demonstration concerning effects of exercise and nutrition on health and well-being. Enroll Info: None",2 credits.,None
JEWISH 202, — TOPICS IN JEWISH STUDIES,"
Special topics in Jewish studies. The topic is footnoted in the Timetable. Enroll Info: So st",3 credits.,None
PUB AFFR 200, — CONTEMPORARY PUBLIC POLICY ISSUES,"
Offers a general primer on large-scale policies directed by US federal and state governments, with specific examples in pressing policy areas. The class does not intend to do certain things, such as consider rationales for government intervention, or explain different stages of the policy process. Other classes in political science and economics perform such tasks well. Instead, it takes existing policies and the policy process as a given, explains them in detail, and puts a policy focus on very specific contemporary questions of concern to policymakers. A student of this class will gain a broad overall knowledge of how the majority of state and federal funding is spent and the policy outcomes associated with that spending. Enroll Info: None",3 credits.,None
LAND ARC 1, — COOPERATIVE EDUCATION/CO-OP IN LANDSCAPE ARCHITECTURE,"
Full-time off-campus work experience which combines classroom theory with practical knowledge of operations to provide students with a background upon which to base a professional career. Students receive credit only for the term in which they are actively enrolled and working. The same work experience may not count towards credit in ",1 credit.,None
LCA 101, — INTRODUCTION TO LITERATURES OF ASIA,"
An introduction to the study of Asian literatures and their cultural contexts, with a focus on the analysis of literary texts in a variety of genres. Enroll Info: None",3 credits.,None
LACIS/​AFROAMER/​ANTHRO/​C&E SOC/​GEOG/​HISTORY/​POLI SCI/​SOC/​SPANISH  260, — LATIN AMERICA: AN INTRODUCTION,"
Latin American culture and society from an interdisciplinary perspective; historical developments from pre-Columbian times to the present; political movements; economic problems; social change; ecology in tropical Latin America; legal systems; literature and the arts; cultural contrasts involving the US and Latin America; land reform; labor movements; capitalism, socialism, imperialism; mass media. Enroll Info: None",3-4 credits.,None
LCA LANG 301, — FIRST SEMESTER ASIAN LANGUAGE,"
Proficiency at the elementary level in listening, speaking, reading and writing, using communicative approaches. Enroll Info: None",4 credits.,None
LATIN 103, — ELEMENTARY LATIN,"
Forms and syntax, with simple translation, equiv to a year of high school Latin. Enroll Info: None",4 credits.,None
LEGAL ST/​SOC  131, — CRIMINAL JUSTICE IN AMERICA,"
Day-to-day functioning of the elements of the criminal justice system in the U.S. Nature of crime in the U.S., ideas about causes and solutions. Emphasis on the sociology of the components of criminal justice system--organization and roles of police, lawyers, court and correctional personnel. Enroll Info: Open to Fr  So only, until end of Fr reg period. Stdts may receive cr for only one of the following: ",3-4 credits.,Not open to students who have taken SOC 431
L I S 201, ,"
Examines important social, legal, and historical contexts of information and information technologies, and explores significant social, legal, and moral questions that surround those technologies. Enroll Info: None",4 credits.,Satisfied Communications A requirement
LAW/​ACCT I S  329, — TAXATION: CONCEPTS FOR BUSINESS AND PERSONAL PLANNING,"
An introduction to the U.S. income taxation concepts with emphasis on business and personal planning strategies. Taxes are placed in a framework which considers all costs of doing business. Includes approaches and skills needed to prepare individual, corporate, and partnership income tax returns. Enroll Info: None",3 credits.,", "
LSC 1, — COOPERATIVE EDUCATION/CO-OP IN LIFE SCIENCES COMMUNICATION,"
Full-time off-campus work experience which combines classroom theory with practical knowledge of operations to provide students with a background upon which to base a professional career. Students receive credit only for the term in which they are actively enrolled and working. The same work experience may not count towards credit in Life Sciences Communication 399. Enroll Info: So st, and consent of supervising instructor and academic advisor.",1 credit.,None
LINGUIS 101, — HUMAN LANGUAGE,"
Elementary theory and practical work in phonetics, phonology, morphology, and syntax, with attention to formal grammar. Enroll Info: Open to Fr. Stdts may not receive cr for both ",3 credits.,None
MARKETNG 300, — MARKETING MANAGEMENT,"
Planning and controlling the elements of the marketing program; marketing organization, product and service, packaging, pricing, promotion and physical distribution. Enroll Info: None",3 credits.,Sophomore standing and (
M H R 300, — MANAGING ORGANIZATIONS,"
The management of organizations: strategy, culture, structure, teams, leadership, human resources, entrepreneurship, and change management. Enroll Info: None",3 credits.,"Freshman, sophomore, or junior standing; or member of a VISP School of Business program"
M S & E 1, — COOPERATIVE EDUCATION PROGRAM,"
Work experience which combines classroom theory with practical knowledge of operations to provide students with a background upon which to base a professional career. Enroll Info: So st",1 credit.,None
MD GENET/​GENETICS/​ZOOLOGY  562, — HUMAN CYTOGENETICS,"
Fundamental principles of cytogenetics and special problems of human cytogenetics for biology and medical students. Enroll Info: None",2 credits.,", "
M M & I 301, — PATHOGENIC BACTERIOLOGY,"
Lectures on medically important bacteria, emphasizing the process of pathogenesis and host/parasite interactions, as well as intervention strategies, immunity and genetics as they apply to the pathogens. Open to non-majors. Enroll Info: MMI 341 (or con reg), 2 sem intro biol w/lab or Biocore series 301-304; 1 sem org chem; or cons inst",2 credits., and (
LITTRANS 201, — SURVEY OF 19TH AND 20TH CENTURY RUSSIAN LITERATURE IN TRANSLATION I,"
Pushkin to Tolstoy; reading and lecture in English. Enroll Info: None",3 credits.,None
MED HIST/​HIST SCI/​HISTORY  132," — BEES, TREES, GERMS, AND GENES: A HISTORY OF BIOLOGY","
How did today's biology emerge out of the diverse traditions of agriculture and natural history (bees and trees), biomedicine and molecular biology (germs and genes), which stretch back into the eighteenth century? In this course, we examine classic texts and ""game-changers"" in the history of biology, putting them into broader scientific and social contexts to see how these different ways of knowing intertwined, competed, and yielded novel approaches to the study of life that still shape today's life sciences. Enroll Info: None",3 credits.,None
MED SC-V 570, — ANIMAL HEALTH HISTORY RESTRAINT AND PHYSICAL EXAMINATION,"
Introduces use of the problem oriented medical record concepts, history taking, physical examination and basic restraint, and diagnostic and therapeutic techniques in large and small domestic animals. Enroll Info: None",1 credit.,Declared in Veterinary Medicine program
MEDICINE/​KINES/​NURSING  523, — CLINICAL EXERCISE TESTING & TRAINING,"
Physiological basis and methods of human exercise testing and training. Topics: clinical exercise physiology, exercise testing protocols, cardiopulmonary monitoring, basic ECG interpretation, exercise prescription. Enroll Info: None",3 credits.,Declared in Kinesiology and 
MED PHYS/​PHYSICS  265, — INTRODUCTION TO MEDICAL PHYSICS,"
Primarily for premeds and other students in the medical and biological sciences. Applications of physics to medicine and medical instrumentation. Topics: biomechanics, sound and hearing, pressure and motion of fluids, heat and temperature, electricity and magnetism in the body, optics and the eye, biological effects of light, use of ionizing radiation in diagnosis and therapy, radiation safety, medical instrumentation. Two lectures with demonstrations per week. Enroll Info: None",2 credits.,", "
M E 1, — COOPERATIVE EDUCATION PROGRAM,"
Work experience which combines classroom theory with practical knowledge of operations to provide students with a background upon which to base a professional career in industry. Enroll Info: So st",1 credit.,None
MED SC-M 699, — DIRECTED STUDY,"
Enroll Info: Open only to Med stdts",1-9 credits.,Consent of instructor
MATH 96, — PREPARATORY ALGEBRA,"
Covers the necessary mathematical tools needed to succeed in our algebra course and provides fundamental mathematical skills. Topics include real numbers, linear equations and inequalities, integral and fractional exponents, polynomials and their arithmetic, polynomial equations and equations with fractional exponents, the quadratic formula and completing the square, systems of two linear equations, graphing, and problem solving using algebra and graphs. All students must pass an assessment on basic mathematical skills to complete the course. The course does not count for degree credit. Enroll Info: None",3 credits.,Placement into 
MEDIEVAL/​HISTORY/​RELIG ST  112, — THE WORLD OF LATE ANTIQUITY (200-900 C.E.),"
History of the Mediterranean World from the late Roman Empire to the development of distinct European, Byzantine and Islamic civilizations (ca. 200-900 CE).  Special attention will be paid to the rise and development of Christianity and Islam. Enroll Info: None",4 credits.,None
M&ENVTOX/​ENVIR ST/​PL PATH  368," — ENVIRONMENTAL LAW, TOXIC SUBSTANCES, AND CONSERVATION","
Development of and need for ""environmental law""; an introduction to the legal system; public and private rights in the environment; regulation of pesticides and toxic substances; environmental legislation and rulemaking; environmental impact statements; professionals as expert witnesses. No prior knowledge of law assumed. For scientists and others dealing with environmental issues in academia, industry and government. Enroll Info: So st",2 credits.,None
MIL SCI 101, — FOUNDATIONS OF OFFICERSHIP,"
Introduces students to life as a commissioned officer profession. Establishes fundamentals of leadership, Army values and skills required of a successful Army officer. Enroll Info: Open to Freshmen  Sophomore only",1 credit.,None
MICROBIO 1, — COOPERATIVE EDUCATION/CO-OP IN MICROBIOLOGY,"
Full-time off-campus work experience which combines classroom theory with practical knowledge of operations to provide students with a background upon which to base a professional career. Students receive credit only for the term in which they are actively enrolled and working. The same work experience may not count towards credit in ",1 credit.,None
MOL BIOL 681, — SENIOR HONORS THESIS,"
Enroll Info: Sr st  cons honors advisor",3 credits.,Consent of instructor
FRENCH 101, — FIRST SEMESTER FRENCH,"
For students with no previous training in the language; oral practice and conversation, grammar, reading, vocabulary building, and study of French and Francophone cultures. Enroll Info: None",4 credits.,None
NAV SCI 101, — INTRODUCTION TO NAVAL SCIENCE,"
Introduction to the naval profession emphasizing the missions, organization, and components of the Navy and Marine Corps. Topics include terminology, military justice, job specialties, seapower, and naval leadership. Includes lab. Intended for first year Naval ROTC students. Enroll Info: None",2 credits.,None
NEURSURG 699, — NEUROSURGERY: DIRECTED IN STUDY IN RESEARCH,"
Directed Study in Neurological Surgery offers the undergraduate student majoring in an area of the biological sciences, and interested in preparing for advanced coursework in graduate or medical school, an opportunity to participate in neurological surgery research. Enroll Info: Sr standing and consent of instructor",1-3 credits.,Consent of instructor
NEUROL 699, — NEUROLOGY: DIRECTED STUDY IN NEUROSCIENCE RESEARCH,"
Neurology: Directed Study in Neuroscience Research offers the undergraduate student majoring in life sciences, including biology, chemistry, psychology, or related fields with interest in preparing for advanced coursework in graduate or medical school, an opportunity to participate in basic and translation research in neuroscience and neurological disorders. Enroll Info: Freshman/Sophomore/Senior undergraduate standing",1-3 credits.,Consent of instructor
NTP/​NEURODPT  610, — CELLULAR AND MOLECULAR NEUROSCIENCE,"
Study of original papers leading to an understanding of the molecular basis of electrical activity in neurons. Topics include voltage-sensitive currents, molecular biology of neuronal receptorrs, synaptic transmission and sensory transduction. Lectures supplemented with experimental demonstrations and discussion sessions. Enroll Info: Zoo 523 or equiv",4 credits.,Graduate/professional standing or (
NEURODPT 533, — MOLECULAR PHYSIOLOGY,"
This course will introduce funtional aspects of mammalian organ systems from a molecular perspective. Human diseases will receive a special emphasis, and diseases will be used to illustrate the connection between molecules and biological function. Enroll Info: ",2 credits.,Graduate/professional standing or (
MUS PERF 7, — FUNDAMENTALS-FLUTE,"
Exploration of the fundamentals of the flute. Enroll Info: None",1 credit.,"Declared in Music, Music: Performance or Music Education or classified as an intended major for one of these programs"
MUSIC 34, — STUDY ABROAD: MUSIC PERFORMANCE ENSEMBLE,"
A music performing ensemble course taken in a UW-Madison resident study abroad program. Enroll Info: Enrollment in a UW-Madison resident study abroad program",1 credit.,None
OCC THER 100, — ORIENTATION TO OCCUPATIONAL THERAPY,"
An opportunity to explore occupational therapy as a potential career; introduction to the general concepts of human occupation and adaptation; survey of OT practice settings and clinical groups. Enroll Info: None",1 credit.,None
OBS&GYN 699, — DIRECTED STUDY,"
Directed study projects as arranged with faculty member. Enroll Info: None",1-12 credits.,Consent of instructor
NUTR SCI 1, — COOPERATIVE EDUCATION/CO-OP IN NUTRITIONAL SCIENCE,"
Full-time off-campus work experience which combines classroom theory with practical knowledge of operations to provide students with a background upon which to base a professional career. Students receive credit only for the term in which they are actively enrolled and working. Enroll Info: The same work experience may not count towards credit in NUTRI SCI 399.",1 credit.,Consent of instructor
NURSING 100, — INTRODUCTION TO THE NURSING PROFESSION,"
Introduction to the breadth of careers and educational pathways in the nursing profession. Students explore personal interests, capacities, and career goals in relation to nursing career options. Enroll Info: PRN classification or consent of instructor",1 credit.,None
ONCOLOGY 401, — INTRODUCTION TO EXPERIMENTAL ONCOLOGY,"
Biological processes associated with and characteristic of neoplasia. Enroll Info: Biol  org chem or cons inst",2 credits.,None
OPHTHALM 699, — DIRECTED STUDY,"
Directed study projects as arranged with faculty member. Enroll Info: None",1-12 credits.,Consent of instructor
OTM 300, — OPERATIONS MANAGEMENT,"
Managing operations is about people, information, equipment, and materials and how these are combined to produce and/or deliver goods and services to customers. Emphasis is on how systems and processes can be designed, managed, and improved to achieve operations excellence and competitive advantage. Enroll Info: None",3 credits.,Sophomore standing or member of Business Exchange program
PATH-BIO 150, — CONTEMPORARY TOPICS AND CAREERS IN THE VETERINARY SCIENCES,"
Designed to expose students to topics of importance to the animal health field as well as introduce them to the academic and professional options they will face as undergraduates. Enroll Info: None",1 credit.,None
PATH/​PATH-BIO  210," — HIV: SEX, SOCIETY AND SCIENCE","
HIV kills three million people per year, more than any other infectious disease. We will learn about the transmission, immunology, virology, vaccinology and societal impact of this virus. Six of the world's leading HIV scientists will give guest lectures. Enroll Info: None",3 credits.,None
PHMCOL-M/​PHM SCI  521, — PHARMACOLOGY I,"
Pharmacological actions of important drugs, including drugs that affect the peripheral nervous system, the central nervous system, and the gastrointestinal tract. Enroll Info: None",3 credits.,Junior standing and Pharmacology and Toxicology undergraduate program or declared in the Doctor of Pharmacy program with second year standing
PHARMACY 125, — EXPLORING PHARMACY I,"
Provides opportunities to integrate and apply introductory concepts and content related to Pharmaceutical Sciences, Social  Administrative Pharmacy, and Pharmacy Practice. Students also develop academic and interpersonal skills helpful for success in current and future courses. Enroll Info: None",2 credits.,None
PEDIAT 646, — CANCER GENETICS RISK ASSESSMENT AND COUNSELING,"
The purpose of this course is to equip students with the background knowledge needed to provide cancer genetics counseling services. The information gained from the course will be put into practice during the second year cancer rotation, collectively preparing students for clinical practice. Students are provided with a background in cancer genetics from a medical, biological, and clinical perspective. The course includes: general principles and topics in oncology; familial cancers and cancer syndromes; and management, counseling, social, ethical, and legal issues. Enroll Info: None",2 credits.,Declared in Master of Genetic Counselor Studies program
PHM SCI 310, — DRUGS AND THEIR ACTIONS,"
Introduces students to the biological effects of drugs on human health. Emphasis on how drugs, especially those used in diseases of major human health significance, act in the body. Drugs that are abused also will be covered. This course is not intended for medical, nursing, pharmacy, and physician assistant students. Enroll Info: None",2 credits.,"Not open to students declared in the Nursing, Physician Assistant, or Doctor of Pharmacy programs"
PHYSIOL 699, — INDEPENDENT WORK,"
Directed study projects for juniors and seniors. Enroll Info: None",1-4 credits.,Consent of instructor
PHY ASST 348, — THEORIES AND PRACTICE IN EMERGENCY CARE,"
Knowledge, attitudes and skills needed to evaluate and initiate care for acutely ill and/or injured persons. Enroll Info: Jr st in the Physician Assistant program or cons inst",1 credit.,Declared in Physician Assistant program
PHM PRAC 305, — CONSUMER SELF-CARE AND OVER-THE-COUNTER DRUGS,"
Provides learners with information regarding self-care of common, minor health conditions.  Emphasis on: illness prevention, health condition symptoms, guidelines for over-the-counter product use, adverse effects and alcohol/drug interactions of over-the-counter products, when to request professional care. Enroll Info: None",2 credits.,"Not open to students declared in the Nursing, Physician Assistant, or Doctor of Pharmacy programs"
PHILOS 101, — INTRODUCTION TO PHILOSOPHY,"
Enroll Info: Open to all students but preference will be given to Freshmen  Sophomores who have had no previous philosophy course other than 210, 211, 253 or 254.",3-4 credits.,None
PSYCHIAT 699, — INDEPENDENT STUDY,"
Enroll Info: None",0-9 credits.,Consent of instructor
PHYSICS 103, ,"
Introduction at the non-calculus level. Not recommended for students in the physical sciences and engineering. Principles of mechanics, heat, and sound, with applications to a number of different fields. Two lectures, two discussions, plus one two-hour lab per week.. Enroll Info: Completion of QR-A. High school algebra, geometry and some trig; Not open to those who have taken ",4 credits.,None
POP HLTH 155, — INTRODUCTION TO THE BIOLOGY OF AGING,"
Enroll Info: One sem of gen biology at college level",2 credits.,None
PORTUG 101, — FIRST SEMESTER PORTUGUESE,"
Grammar, conversation, and reading. Enroll Info: None",4 credits.,None
,,,,
RADIOL/​ANATOMY/​B M E/​MED PHYS/​PHMCOL-M/​PHYSICS  619, — MICROSCOPY OF LIFE,"
Survey of state of the art microscopic, cellular and molecular imaging techniques, beginning with subcellular microscopy and finishing with whole animal imaging. Enroll Info: None",3 credits.,", "
PL PATH 1, — COOPERATIVE EDUCATION/CO-OP IN PLANT PATHOLOGY,"
Full-time off-campus work experience which combines classroom theory with practical knowledge of operations to provide students with a background upon which to base a professional career. Students receive credit only for the term in which they are actively enrolled and working. The same work experience may not count towards credit in ",1 credit.,None
PSYCH 100, — EXPLORING PSYCHOLOGY,"
Focuses on a wide range of research in psychology, such as child development, clinical psychology, perception, biological psychology, cognition, psychological neuroscience. We will also explore career psychology options. Enroll Info: None",2 credits.,None
RHAB MED 699, — INDEPENDENT STUDY,"
Enroll Info: None",0-9 credits.,Consent of instructor
POLI SCI 100, — FRESHMAN TOPICS SEMINAR,"
An umbrella course to be used to offer a variety of special topics seminars for freshmen.  See footnote for Topic Title. Enroll Info: None",3 credits.,First year students only
REAL EST/​A A E/​ECON/​URB R PL  306, — THE REAL ESTATE PROCESS,"
Introductory survey course. Decision-making processes for the manufacture, marketing, management and financing of real estate space. Survey of institutional context, economics of urbanization, historical pattern and structure of city growth, and public policy issues regarding urban environment and business management. Enroll Info: None",3 credits.,Sophomore standing and (
R M I 300, — PRINCIPLES OF RISK MANAGEMENT,"
Precedes advanced work in insurance; the nature of risk, principal techniques of risk management and the bases for decision making in management of business and personal risks. Enroll Info: None",3 credits.,(
N E 1, — COOPERATIVE EDUCATION PROGRAM,"
Work experience which combines classroom theory with practical knowledge of operations to provide students with a background upon which to base a professional career. Enroll Info: So st",1 credit.,None
RP & SE 100, — DISABILITY AND SOCIETY,"
Introductory, interdisciplinary course provides life-span perspectives on disability, relevant for both education and non-education majors. Introduces students to theoretical, cultural, and political models of disability and explores the lived experiences of persons with disabilities (or people who are perceived to have disabilities) in society. Enroll Info: None",3 credits.,None
STS 201, — WHERE SCIENCE MEETS SOCIETY,"
An overview of science and technology studies. Explores science and technology as central institutions in modern societies. Teaches approaches to analyzing social dimensions of recent advances in areas such as genetics, environment, Internet, surveillance, and nanotechnology.. Enroll Info: Prior college-level work in social studies (S, W, Y, or Z) or science (B, N, P, W, or X) or permission of instructor",3 credits.,None
PHY THER 500, — FUNCTIONAL NEUROANATOMY FOR PHYSICAL THERAPY,"
Development, structure, regions and function of the nervous system are covered with the purpose of providing insight into the clinical treatment of common neurological conditions. General principles of the development, connectivity and blood supply of both the central and peripheral nervous system (spinal cord, brainstem, and above the brainstem) are taught. Enroll Info: None",3 credits.,Declared in Physical Therapy
RELIG ST 101, — RELIGION IN GLOBAL PERSPECTIVE,"
Foundational and thematic approaches in the academic study of religion applied across global religious systems. Enroll Info: None",3 credits.,None
SR MED 812, — THIRD YEAR PRIMARY CARE CLERKSHIP,"
The clerkship will be an outpatient clinic based eight-week continuity experience in two of the three primary care specialties (Family Medicine, Internal Medicine and Pediatrics). Enroll Info: 3rd yr Med st",1-8 credits.,Graduate/professional standing
SCAND ST 101, — FIRST SEMESTER NORWEGIAN,"
Spoken and written Norwegian for students without previous knowledge; lab. Enroll Info: None",4 credits.,None
SLAVIC 101, — FIRST SEMESTER RUSSIAN,"
Five hours a week focusing on speaking, listening, reading and writing Russian, with an introduction to Russian culture. No previous knowledge of Russian expected. Enroll Info: None",4 credits.,None
SOC WORK 100, — SO YOU WANT TO CHANGE THE WORLD?,"
Students talk about wanting to make a difference - to change the world in some way. This course, especially designed for freshmen, helps students examine their ideas and values related to making a difference, teaches them to think critically about the meaning and methods of changing the world, and challenges them to integrate thoughtful evidence with their values and beliefs about doing good in the world. With a focus on the profession of social work and other helping professions, the course will consider a variety of social problems, and investigate and critique various approaches to creating change to improve social problems. Enroll Info: None",3 credits.,None
SURG SCI 501, — RADIOGRAPHIC ANATOMY OF THE DOG AND CAT,"
Normal radiographic anatomy of the dog and cat. This will include soft tissue structures as well as the skeletal system. Clinical case material to emphasize the need for a thorough knowledge of normal radiographic anatomy. Enroll Info: None",1 credit.,Declared in Veterinary Medicine program
SOIL SCI 1, — COOPERATIVE EDUCATION/CO-OP IN SOIL SCIENCE,"
Full-time off-campus work experience which combines classroom theory with practical knowledge of operations to provide students with a background upon which to base a professional career. Students receive credit only for the term in which they are actively enrolled and working. The same work experience may not count towards credit in Soil Science 399. Enroll Info: None",1 credit.,Consent of instructor
SURGERY 699, — INDEPENDENT STUDY,"
Enroll Info: None",0-9 credits.,Consent of instructor
SPANISH 101, — FIRST SEMESTER SPANISH,"
All basic language skills: listening comprehension, speaking, reading, and writing. Classes meet five times per week. Enroll Info: None",4 credits.,None
UNIV FOR 500, — UNIVERSITY FORUM,"
Enroll Info: None",1 credit.,None
SOC 120, — MARRIAGE AND FAMILY,"
Sociology of the family. Demographic, social-psychological, economic, and historical aspects. Union formation and dissolution. Childbearing and childrearing. Social stratification and the family. Intergenerational support. Social consequences of family behaviors. Enroll Info: None",3-4 credits.,None
STAT 301, ,"
Distributions, measures of central tendency, dispersion and shape, the normal distribution; experiments to compare means, standard errors, confidence intervals; effects of departure from assumption; method of least squares, regression, correlation, assumptions and limitations; basic ideas of experimental design. Enroll Info: None",3 credits.,"Satisfied Quantitative Reasoning (QR) A requirement. Not open to students who have completed STAT 201, 224, "
S&A PHM/​NURSING/​SOC WORK  105, — HEALTH CARE SYSTEMS: INTERDISCIPLINARY APPROACH,"
Introduction to health care systems. Factors affecting health and the value placed on health, the delivery of health care in different settings, the roles of various health workers, and the sociological and economic aspects of health care. Enroll Info: None",2 credits.,None
URB R PL/​GEOG  305, ,"
Investigates urbanization as a general process, as well as the resulting contemporary physical, social, cultural and political- economic forms of cities. As an ethnic studies class, emphasis will be placed on the history and current forms of spatial and social segregation of cities by race, class, ethnicity, and gender. The myriad ways that cities have addressed the tensions emerging from this history of spatial and social segregation will be highlighted. Further, emphasis will be placed on understanding the experiences of those most-affected by historical and continuing segregation. Enroll Info: None",3-4 credits.,Sophomore standing
THEATRE/​ENGL  120, — INTRODUCTION TO THEATRE AND DRAMATIC LITERATURE,"
Reading important plays, attending stage productions, writing and thinking critically about theatre and drama. Emphasis on developing analytic skills in dramatic literature and theatre production. Enroll Info: None",3-4 credits.,None
ZOOLOGY/​BIOLOGY  101, — ANIMAL BIOLOGY,"
General biological principles. Topics include: evolution, ecology, animal behavior, cell structure and function, genetics and molecular genetics and the physiology of a variety of organ systems emphasizing function in humans. Enroll Info: Not recommended for students with credit already in ",3 credits.,None
